ID,CHURNRISK,GENDER,STATUS,CHILDREN,ESTINCOME,HOMEOWNER,AGE,TOTALDOLLARVALUETRADED,TOTALUNITSTRADED,LARGESTSINGLETRANSACTION,SMALLESTSINGLETRANSACTION,PERCENTCHANGECALCULATION,DAYSSINCELASTLOGIN,DAYSSINCELASTTRADE,NETREALIZEDGAINS_YTD
4,High,F,M,2,52004,N,25,5030,23,1257,125,3,2,19,0
7,High,M,M,0,19749,N,60,20222,13,10111,1011,3,3,10,0
8,Medium,M,S,1,57626,Y,44,9380,38,2345,234,5,2,15,0
9,Medium,M,M,2,20078,N,33,9650,6,2412,241,0,3,11,0
15,Low,F,M,2,28220,N,39,26492,12,13246,1324,3,1,9,1324
18,Low,M,S,2,89459,N,53,11541,22,5770,577,5,2,9,577
19,High,F,S,1,13576,N,39,14831,25,7415,741,6,5,7,0
21,Medium,F,M,1,57063,Y,52,16791,81,8395,839,20,1,6,0
25,High,F,M,2,45287,Y,29,0,0,0,0,0,0,0,0
26,Low,F,M,2,59613,N,34,12371,163,6185,618,40,2,5,618
33,High,M,S,0,3601,N,49,9570,111,2392,239,16,1,19,0
34,Low,F,M,0,72642,N,28,18661,20,9330,933,5,1,10,933
35,High,F,S,0,98716,N,56,20972,13,10486,1048,3,2,7,0
40,Low,F,M,1,77129,Y,62,24772,20,12386,1238,5,4,5,1238
42,High,M,M,1,97180,N,51,8210,45,2052,205,6,5,15,0
45,High,M,S,0,64136,Y,61,16211,125,8105,810,31,4,8,0
49,Medium,F,M,0,38538,N,12,22862,16,11431,1143,4,1,10,0
52,High,F,S,1,13109,N,63,22382,40,11191,1119,10,2,7,0
57,Low,M,M,1,13091,N,59,22792,20,11396,1139,5,1,8,1139
59,High,F,M,1,20550,Y,22,27722,57,13861,1386,14,5,7,0
62,High,F,S,2,83073,N,40,0,0,0,0,0,0,0,0
64,High,F,S,2,2842,N,46,0,0,0,0,0,0,0,0
68,High,F,S,0,7325,N,37,28522,161,14261,1426,40,3,8,0
72,Low,M,M,2,1406,Y,19,11551,15,5775,577,3,5,9,577
74,Medium,F,S,2,76231,N,64,2010,150,502,50,22,3,13,0
81,High,F,S,1,12686,N,65,23232,80,11616,1161,20,3,10,0
84,High,M,M,1,60102,N,42,9840,62,2460,246,9,1,20,0
87,Low,F,S,2,14578,Y,61,11911,95,5955,595,23,1,10,595
88,High,M,M,0,78572,Y,42,21812,29,10906,1090,7,5,8,0
89,High,F,M,2,48238,N,35,23282,168,11641,1164,42,4,6,0
90,High,F,M,0,28770,N,12,27992,16,13996,1399,4,2,5,0
98,Low,M,S,0,2056,Y,19,24072,27,12036,1203,6,3,9,1203
100,Low,M,M,1,2067,N,48,15251,70,7625,762,17,3,6,762
104,Medium,F,M,0,14932,N,52,4910,6,1227,122,0,3,14,0
109,Low,F,M,2,50561,N,52,16601,113,8300,830,28,1,9,830
111,Medium,F,M,2,194,N,42,28262,38,14131,1413,9,3,10,0
113,Low,M,M,1,65619,Y,46,13561,144,6780,678,36,5,10,678
114,Low,F,M,1,95620,Y,52,10911,93,5455,545,23,1,6,545
115,High,F,S,0,85275,N,47,22482,151,11241,1124,37,2,6,0
117,High,F,M,1,98453,Y,46,13721,11,6860,686,2,3,9,0
118,High,F,M,2,94026,Y,28,25002,10,12501,1250,2,1,10,0
120,Medium,M,M,0,77000,N,44,3930,26,982,98,3,1,13,0
128,Low,F,M,1,87404,N,63,21632,139,10816,1081,34,4,6,1081
129,Medium,M,S,2,20919,N,28,6260,153,1565,156,22,4,11,0
135,High,F,S,1,27783,N,14,4970,18,1242,124,2,4,20,0
145,High,M,S,1,16432,Y,21,20412,80,10206,1020,20,1,5,0
147,Low,M,S,1,71329,Y,42,14271,45,7135,713,11,4,8,713
150,High,M,M,2,67339,N,17,27832,48,13916,1391,12,2,7,0
158,Low,F,M,2,59691,N,38,21942,256,10971,1097,64,2,9,1097
166,High,M,M,1,80000,N,53,0,0,0,0,0,0,0,0
169,Low,M,M,0,120000,Y,53,15271,25,7635,763,6,2,6,763
170,Low,F,M,2,8032,N,46,29682,59,14841,1484,14,5,8,1484
178,High,F,S,0,919,N,38,27282,93,13641,1364,23,4,8,0
180,High,F,M,2,24482,N,34,0,0,0,0,0,0,0,0
185,High,F,M,2,47010,N,57,2540,164,635,63,24,2,15,0
186,High,F,S,1,67239,N,44,12891,53,6445,644,13,5,6,0
189,High,M,S,2,60095,Y,23,1710,116,427,42,17,1,18,0
191,Low,M,M,1,76511,N,62,21682,17,10841,1084,4,5,5,1084
195,Low,F,M,2,68462,N,34,24392,60,12196,1219,15,3,5,1219
201,High,F,M,1,82931,N,65,19241,118,9620,962,29,3,7,0
203,High,F,S,2,21274,N,46,10871,32,5435,543,8,3,10,0
204,Low,F,M,2,28267,N,30,21872,192,10936,1093,48,1,5,1093
207,High,F,M,2,91861,Y,42,15321,6,7660,766,1,5,9,0
214,High,M,M,2,78554,N,17,5590,23,1397,139,3,4,19,0
216,Low,M,M,0,60101,Y,64,27702,124,13851,1385,31,4,9,1385
220,Low,F,M,2,88427,N,14,22462,43,11231,1123,10,5,7,1123
221,Medium,F,M,2,98003,Y,26,1030,83,257,25,12,5,11,0
223,Low,F,S,0,74530,N,63,20892,106,10446,1044,26,1,8,1044
225,High,F,M,2,76289,N,48,22202,82,11101,1110,20,4,10,0
227,Low,F,D,1,9309,Y,24,40004,99,20002,2000,24,1,10,2000
229,High,F,S,0,32962,N,19,27002,154,13501,1350,38,5,9,0
231,Low,F,S,2,33330,N,21,33003,35,16501,1650,8,1,9,1650
237,Low,F,M,2,98217,N,45,29492,13,14746,1474,3,1,10,1474
239,High,F,M,2,41876,Y,44,6780,132,1695,169,19,1,16,0
244,High,M,M,0,96681,Y,20,7000,40,1750,175,6,4,18,0
247,Medium,M,S,0,84479,N,30,7000,43,1750,175,6,2,12,0
248,Low,F,M,2,64977,N,38,28112,17,14056,1405,4,5,6,1405
249,High,F,M,0,77994,N,51,12401,89,6200,620,22,3,8,0
250,Medium,M,M,2,90103,N,35,12231,45,6115,611,11,5,10,0
252,High,M,M,2,5265,N,53,2330,23,582,58,3,1,17,0
253,High,M,S,1,84978,N,22,5030,76,1257,125,11,5,15,0
257,High,F,S,0,433,N,61,3300,40,825,82,6,3,17,0
260,Low,F,M,0,2031,N,20,21642,87,10821,1082,21,4,8,1082
261,High,F,S,2,16938,N,55,13351,8,6675,667,2,1,7,0
262,High,F,M,0,55221,N,42,490,15,122,12,2,4,18,0
267,Low,M,S,2,72084,N,56,29112,9,14556,1455,2,4,8,1455
275,High,M,S,0,90478,N,55,18021,136,9010,901,34,2,10,0
277,Medium,F,S,1,37000,N,24,23562,206,11781,1178,51,5,7,0
278,Low,M,M,2,29616,N,49,29782,45,14891,1489,11,1,10,1489
281,Medium,F,M,2,52004,N,25,5030,23,1257,125,3,1,11,0
283,Low,M,M,0,75004,N,65,26522,32,13261,1326,8,3,8,1326
287,Low,F,M,2,47902,N,26,17441,49,8720,872,12,4,7,872
299,High,F,M,1,57063,Y,52,16791,81,8395,839,20,5,5,0
301,Low,F,S,1,7737,N,43,11051,50,5525,552,12,2,10,552
306,Low,F,S,2,9559,N,51,18311,59,9155,915,14,1,5,915
307,Low,F,M,2,42031,N,51,20452,39,10226,1022,9,1,6,1022
313,High,F,S,2,66182,Y,62,11701,47,5850,585,11,3,7,0
326,Low,M,S,2,43634,N,22,29442,104,14721,1472,26,1,5,1472
328,High,M,S,1,92647,N,56,16041,10,8020,802,2,3,9,0
338,High,F,S,2,2842,N,46,0,0,0,0,0,0,0,0
340,High,M,M,0,47870,Y,27,2000,12,500,50,1,4,17,0
342,Low,F,S,0,7325,N,37,28522,161,14261,1426,40,3,9,1426
343,High,M,M,2,28766,N,47,6110,58,1527,152,8,1,19,0
347,Low,M,M,2,1406,Y,19,11551,15,5775,577,3,3,6,577
352,High,M,M,1,63437,N,64,680,10,170,17,1,1,18,0
355,High,F,M,2,55860,Y,15,16011,10,8005,800,2,3,7,0
357,Medium,M,M,2,57360,Y,53,10361,57,5180,518,14,3,10,0
360,Low,F,M,2,17888,N,43,29412,332,14706,1470,83,3,5,1470
361,High,F,S,1,12526,N,54,11721,28,5860,586,7,1,7,0
364,High,M,M,1,3933,N,18,9750,47,2437,243,7,5,15,0
370,High,F,S,0,30763,Y,14,21322,35,10661,1066,8,5,5,0
374,High,F,M,2,7776,N,36,25872,68,12936,1293,17,2,10,0
375,Low,M,M,1,2067,N,48,15251,70,7625,762,17,3,8,762
381,High,F,M,2,21419,N,60,26392,103,13196,1319,25,4,7,0
382,Medium,F,M,2,30665,Y,23,5830,63,1457,145,9,1,14,0
387,Low,F,M,1,98680,Y,46,17581,8,8790,879,2,5,10,879
389,Low,F,M,1,95620,Y,47,10911,93,5455,545,23,3,6,545
391,High,F,M,1,66921,Y,46,15701,8,7850,785,2,5,9,0
393,Low,F,M,2,94026,Y,28,25002,10,12501,1250,2,5,9,1250
395,High,M,M,0,66666,N,45,3930,26,982,98,3,5,19,0
397,High,F,M,2,63234,Y,52,0,0,0,0,0,0,0,0
400,Low,F,S,1,70000,N,56,22822,63,11411,1141,15,1,9,1141
401,Medium,M,M,1,47371,Y,55,4980,258,1245,124,38,3,14,0
402,High,F,M,2,52957,Y,40,25792,125,12896,1289,31,4,7,0
405,Low,F,M,2,85394,Y,20,19281,14,9640,964,3,2,5,964
406,Medium,F,S,0,2121,N,40,2020,36,505,50,5,3,10,0
407,High,F,M,2,63566,Y,56,7940,65,1985,198,9,3,19,0
408,Medium,F,S,0,89813,N,13,14941,149,7470,747,37,4,10,747
412,High,F,M,2,809,Y,32,0,0,0,0,0,0,0,0
414,Low,F,M,2,34577,N,63,29182,116,14591,1459,29,1,8,1459
416,High,F,S,2,19008,Y,52,10541,137,5270,527,34,3,6,0
427,Low,F,S,2,15688,N,53,14391,8,7195,719,2,3,7,719
428,Medium,F,S,0,43382,N,16,29672,99,14836,1483,24,3,5,0
431,Low,F,S,0,35000,N,22,22962,75,11481,1148,18,3,8,1148
433,High,F,M,2,59691,N,38,21942,256,10971,1097,64,5,9,0
436,Low,M,S,0,94928,N,40,14421,73,7210,721,18,1,9,721
437,Low,F,M,2,50622,N,40,20452,90,10226,1022,22,5,7,1022
438,High,M,M,0,100020,Y,52,16201,18,8100,810,4,1,5,0
439,Low,M,M,0,65000,Y,52,29552,62,14776,1477,15,4,8,1477
444,High,F,M,0,78000,Y,56,170,10,42,4,1,4,20,0
450,High,F,S,0,92564,Y,49,23172,51,11586,1158,12,5,9,0
455,High,F,S,0,919,N,38,27282,93,13641,1364,23,3,10,0
457,High,F,M,2,24482,N,34,0,0,0,0,0,0,0,0
462,Medium,F,M,2,47010,N,57,2540,164,635,63,24,4,13,0
464,High,M,M,1,69406,Y,38,6900,128,1725,172,19,3,16,0
465,High,F,M,2,83259,N,51,0,0,0,0,0,0,0,0
467,Medium,F,M,2,2185,N,53,7120,20,1780,178,3,2,14,0
469,High,F,M,1,34555,N,23,25772,8,12886,1288,2,2,9,0
470,Medium,F,M,2,11234,Y,49,690,112,172,17,16,1,13,0
475,Low,M,S,0,80000,N,41,29732,35,14866,1486,8,5,6,1486
478,High,F,M,1,82931,N,65,19241,118,9620,962,29,5,8,0
482,Medium,F,M,2,36725,N,56,8650,77,2162,216,11,4,12,0
483,High,M,S,1,94188,N,58,20862,19,10431,1043,4,2,7,0
488,High,F,M,2,30998,N,41,2400,50,600,60,7,4,17,0
490,High,M,S,1,78554,N,17,5590,23,1397,139,3,2,20,0
495,Medium,F,M,2,49745,N,48,2840,24,710,71,3,2,14,0
501,High,F,M,2,76289,N,48,22202,82,11101,1110,20,3,8,0
503,High,F,D,0,40120,Y,21,40004,99,20002,2000,24,4,5,0
505,Low,F,S,0,40120,N,24,27002,154,13501,1350,38,2,7,1350
511,Low,F,M,2,90271,N,45,13961,96,6980,698,24,4,7,698
513,Low,F,M,2,98217,N,45,29492,13,14746,1474,3,1,8,1474
527,Low,F,M,0,59008,Y,30,12861,18,6430,643,4,4,10,643
533,High,F,S,0,433,N,61,3300,40,825,82,6,1,16,0
544,Low,M,S,2,72084,N,56,29112,9,14556,1455,2,5,5,1455
548,High,M,M,1,71472,N,42,16021,114,8010,801,28,5,8,0
551,Medium,M,S,0,90321,N,55,870,11,217,21,1,5,13,0
554,Medium,M,M,1,28313,N,21,6890,6,1722,172,0,1,12,0
556,High,M,M,2,29616,N,49,29782,45,14891,1489,11,4,8,0
559,High,F,M,2,52004,N,25,5030,23,1257,125,3,2,20,0
563,High,M,S,1,57626,Y,44,9380,38,2345,234,5,5,18,0
565,Low,F,M,2,47902,N,26,17441,49,8720,872,12,2,6,872
572,Low,F,M,2,5237,N,49,13321,56,6660,666,14,2,8,666
573,High,M,S,2,89459,N,53,11541,22,5770,577,5,1,10,0
578,High,F,M,2,84166,N,54,3280,11,820,82,1,1,16,0
579,Low,F,S,0,45612,N,14,12531,311,6265,626,77,2,9,626
580,Medium,F,S,1,7737,N,43,11051,50,5525,552,12,5,5,0
581,High,M,S,2,120000,N,42,21372,293,10686,1068,73,5,5,0
582,High,F,M,2,45287,Y,29,0,0,0,0,0,0,0,0
583,Low,F,M,2,59613,N,34,12371,163,6185,618,40,1,7,618
585,Low,F,S,2,9559,N,51,18311,59,9155,915,14,4,8,915
586,High,F,M,2,42031,N,51,20452,39,10226,1022,9,3,7,0
587,High,F,M,2,83284,Y,28,26912,9,13456,1345,2,1,9,0
588,High,M,M,1,39229,N,26,28822,13,14411,1441,3,1,7,0
595,High,F,M,0,32703,Y,65,16801,56,8400,840,14,4,6,0
596,Low,F,M,2,8204,N,53,15591,24,7795,779,6,2,7,779
598,High,F,M,0,80405,N,60,2910,17,727,72,2,2,16,0
602,High,F,S,0,25285,N,54,9370,11,2342,234,1,2,19,0
603,High,F,M,2,77551,Y,34,20532,41,10266,1026,10,5,9,0
607,High,F,S,1,13109,N,63,22382,40,11191,1119,10,1,7,0
608,High,M,S,1,92647,N,56,16041,10,8020,802,2,2,6,0
611,Low,F,S,2,28787,N,42,27972,58,13986,1398,14,2,6,1398
614,Low,F,M,1,20550,Y,22,27722,57,13861,1386,14,5,5,1386
616,Low,F,S,2,19131,N,56,22152,34,11076,1107,8,2,8,1107
620,High,M,M,0,47870,Y,27,2000,12,500,50,1,2,15,0
622,Low,F,S,0,7325,N,37,28522,161,14261,1426,40,3,5,1426
627,High,M,M,2,1406,Y,19,11551,15,5775,577,3,4,9,0
628,High,F,S,0,73228,N,46,22472,28,11236,1123,7,4,5,0
630,Low,M,M,1,64792,N,52,13051,36,6525,652,9,2,8,652
633,Low,M,M,2,49910,Y,52,27422,23,13711,1371,5,5,8,1371
634,High,M,M,1,76161,Y,45,11961,25,5980,598,6,2,9,0
637,Medium,M,M,2,57360,Y,53,10361,57,5180,518,14,1,6,0
639,High,M,M,0,60102,N,42,9840,62,2460,246,9,4,15,0
640,High,F,M,2,17888,N,53,29412,332,14706,1470,83,1,8,0
641,Low,F,S,1,12526,N,54,11721,28,5860,586,7,4,7,586
642,High,F,S,2,14578,Y,61,11911,95,5955,595,23,3,5,0
643,High,M,M,0,78572,Y,42,21812,29,10906,1090,7,4,7,0
644,Medium,M,M,1,3933,N,18,9750,47,2437,243,7,5,10,0
647,Medium,F,M,2,87578,Y,53,290,22,72,7,3,1,15,0
648,Low,F,M,2,86695,N,14,25942,32,12971,1297,8,5,8,1297
649,High,F,S,2,76791,N,43,20712,23,10356,1035,5,2,9,0
655,Low,F,M,2,7776,N,36,25872,68,12936,1293,17,2,6,1293
656,Low,M,M,1,2067,N,48,15251,70,7625,762,17,3,9,762
658,Medium,F,M,2,69343,N,42,6360,15,1590,159,2,5,15,0
664,Medium,F,M,1,68000,Y,44,6080,30,1520,152,4,5,13,0
674,High,F,M,2,94026,Y,28,25002,10,12501,1250,2,1,5,0
678,High,F,M,2,63234,Y,52,0,0,0,0,0,0,0,0
680,High,M,M,0,3911,N,59,5720,25,1430,143,3,2,19,0
689,High,F,S,2,86747,N,65,20152,37,10076,1007,9,4,9,0
695,High,F,M,2,63566,Y,56,7940,65,1985,198,9,1,19,0
696,High,F,M,0,52089,N,48,10811,13,5405,540,3,2,8,0
698,Medium,F,S,0,89813,N,13,14941,149,7470,747,37,1,9,0
703,High,F,M,2,60485,N,42,11701,28,5850,585,7,5,6,0
704,Low,F,M,1,56722,N,61,17371,51,8685,868,12,2,6,868
707,High,M,S,1,76529,N,58,18461,20,9230,923,5,5,8,0
710,Low,F,M,0,77000,N,55,27562,45,13781,1378,11,2,8,1378
713,High,M,M,0,73400,Y,53,0,0,0,0,0,0,0,0
714,High,F,M,0,53432,Y,57,12561,83,6280,628,20,4,9,0
716,High,M,S,1,16432,Y,21,20412,80,10206,1020,20,3,10,0
718,Low,M,S,1,71329,Y,42,14271,45,7135,713,11,2,5,713
721,High,F,S,1,33084,Y,50,19771,105,9885,988,26,3,8,0
722,Low,F,S,0,20913,N,53,22992,65,11496,1149,16,5,8,1149
725,Low,F,S,1,540,Y,39,12341,7,6170,617,1,1,5,617
728,High,F,S,2,72583,Y,22,5970,27,1492,149,4,5,19,0
741,High,F,S,2,11251,Y,43,28422,113,14211,1421,28,3,7,0
742,Medium,M,M,0,70908,N,50,7700,43,1925,192,6,2,11,0
743,High,M,S,0,94928,N,40,14421,73,7210,721,18,5,8,0
745,Low,M,M,0,78000,Y,50,16201,18,8100,810,4,1,10,810
748,Medium,F,M,1,56722,N,61,17371,51,8685,868,12,4,8,0
749,High,M,M,1,80000,N,39,0,0,0,0,0,0,0,0
750,High,F,S,2,3416,Y,23,18971,104,9485,948,26,3,5,0
752,High,M,M,0,80000,Y,53,15271,25,7635,763,6,3,8,0
755,Low,M,M,0,5745,Y,15,26402,17,13201,1320,4,1,8,1320
758,High,M,S,0,70000,Y,48,4910,82,1227,122,12,3,20,0
761,High,F,M,2,81913,Y,50,6700,46,1675,167,6,4,16,0
762,High,F,S,0,919,N,38,27282,93,13641,1364,23,1,10,0
765,Low,F,M,0,14573,N,65,26612,236,13306,1330,59,3,8,1330
767,Low,F,S,2,8392,Y,37,25032,54,12516,1251,13,5,8,1251
771,Medium,M,M,1,69406,Y,47,6900,128,1725,172,19,5,13,0
780,Low,F,M,2,63670,Y,46,27392,51,13696,1369,12,3,8,1369
785,Medium,F,M,2,57483,N,44,17011,27,8505,850,6,5,5,0
786,Low,F,S,2,21274,N,46,10871,32,5435,543,8,2,5,543
791,Low,F,S,1,12374,Y,33,17491,106,8745,874,26,3,10,874
793,Low,F,M,2,84948,Y,29,11141,12,5570,557,3,5,9,557
795,Medium,M,M,2,21416,N,36,9900,8,2475,247,1,4,13,0
797,Low,M,S,1,3960,N,15,29782,66,14891,1489,16,5,9,1489
802,High,F,M,2,88427,N,14,22462,43,11231,1123,10,5,8,0
803,High,F,M,2,98003,Y,26,1030,83,257,25,12,1,18,0
804,Medium,M,S,0,89142,N,54,3760,5,940,94,0,1,20,0
813,Medium,F,S,2,43000,N,20,39003,35,19501,1950,8,1,10,0
818,High,F,M,2,64816,Y,31,21002,6,10501,1050,1,3,8,0
821,Medium,F,M,2,41876,Y,44,6780,132,1695,169,19,5,10,0
822,High,M,M,0,96223,Y,65,11811,5,5905,590,1,2,9,0
823,High,F,S,0,15989,N,62,3670,25,917,91,3,1,19,0
826,Medium,M,M,0,96681,Y,20,2000,40,500,50,6,1,11,0
830,High,F,M,2,64977,N,38,28112,17,14056,1405,4,4,5,0
833,Low,F,M,0,59008,Y,30,12861,18,6430,643,4,5,10,643
846,Low,M,M,0,95448,Y,54,24242,5,12121,1212,1,1,5,1212
847,Low,M,S,1,24141,Y,17,28822,97,14411,1441,24,3,6,1441
848,High,M,S,2,63152,Y,63,29932,40,14966,1496,10,3,9,0
849,High,M,S,2,72084,N,56,29112,9,14556,1455,2,5,5,0
852,High,F,M,0,27371,Y,41,16141,126,8070,807,31,2,9,0
855,Low,F,S,0,95786,Y,46,21332,87,10666,1066,21,5,6,1066
862,Low,M,M,0,19732,N,51,24812,22,12406,1240,5,1,9,1240
868,Medium,M,M,0,19749,N,60,20222,13,10111,1011,3,3,6,0
871,Low,F,M,2,47902,N,26,17441,49,8720,872,12,2,9,872
874,High,F,S,1,17540,Y,63,22172,13,11086,1108,3,3,7,0
875,High,F,M,0,83891,Y,61,28922,45,14461,1446,11,2,9,0
892,High,F,M,2,83284,Y,28,26912,9,13456,1345,2,5,9,0
893,Low,M,M,1,39229,N,26,28822,13,14411,1441,3,4,5,1441
894,Medium,F,S,0,68427,N,42,23762,50,11881,1188,12,5,10,0
896,Low,F,S,0,98716,N,56,20972,13,10486,1048,3,4,6,1048
898,Low,F,M,2,84789,N,50,14221,10,7110,711,2,4,7,711
900,High,F,M,0,32703,Y,65,16801,56,8400,840,14,5,8,0
901,High,F,M,2,8204,N,53,15591,24,7795,779,6,5,9,0
902,High,M,M,1,97180,N,33,8210,45,2052,205,6,4,18,0
903,High,F,S,2,38280,N,34,11641,74,5820,582,18,5,8,0
906,Medium,F,S,0,25285,N,54,9370,11,2342,234,1,5,11,0
909,High,M,M,0,92881,N,21,2150,85,537,53,12,5,20,0
911,Low,F,S,1,13109,N,63,22382,40,11191,1119,10,2,10,1119
912,Low,M,S,1,92647,N,56,16041,10,8020,802,2,5,5,802
913,Medium,M,S,2,21021,Y,63,2000,11,500,50,1,1,11,0
915,High,F,S,2,28787,N,42,27972,58,13986,1398,14,2,9,0
922,High,F,S,2,2842,N,46,0,0,0,0,0,0,0,0
924,High,M,M,0,47870,Y,27,7000,12,1750,175,1,5,16,0
925,Low,F,S,2,6440,Y,70,22662,27,11331,1133,6,5,10,1133
928,Medium,M,M,2,28766,N,47,6110,58,1527,152,8,5,13,0
929,Medium,M,M,1,5252,N,16,2650,17,662,66,2,4,15,0
930,High,M,M,2,91272,Y,25,26992,13,13496,1349,3,2,5,0
938,Low,M,M,2,49910,Y,52,27422,23,13711,1371,5,3,6,1371
942,Medium,M,M,2,57360,Y,53,10361,57,5180,518,14,1,7,0
947,High,F,S,2,14578,Y,61,11911,95,5955,595,23,2,10,0
949,Low,F,M,2,48238,N,35,23282,168,11641,1164,42,1,9,1164
950,Low,F,M,0,28770,N,12,27992,16,13996,1399,4,4,6,1399
960,Low,M,M,1,2067,N,48,15251,70,7625,762,17,5,5,762
961,Medium,M,S,0,68000,N,63,4580,8,1145,114,1,2,10,0
962,High,M,M,0,69343,N,42,6360,15,1590,159,2,4,15,0
967,Medium,F,M,1,78000,Y,59,6080,30,1520,152,4,3,11,0
968,High,F,M,2,50561,N,46,16601,113,8300,830,28,1,5,0
972,High,M,M,0,65619,Y,52,13561,144,6780,678,36,2,10,0
977,Low,F,M,2,94026,Y,28,25002,10,12501,1250,2,2,9,1250
980,High,M,M,2,47639,N,43,17481,39,8740,874,9,4,6,0
983,High,F,M,2,18296,Y,43,80,10,20,2,1,4,18,0
989,Medium,F,S,0,2121,N,40,2020,36,505,50,5,5,12,0
990,Medium,F,M,2,63566,Y,56,7940,65,1985,198,9,2,12,0
999,Low,F,M,0,98056,N,56,23702,126,11851,1185,31,5,5,1185
1003,High,M,M,1,62797,N,54,8320,55,2080,208,8,5,15,0
1008,High,M,M,1,75799,N,46,22242,64,11121,1112,16,3,10,0
1020,High,M,M,0,100020,Y,46,16201,18,8100,810,4,1,9,0
1027,Medium,M,M,1,80000,Y,53,15271,25,7635,763,6,4,6,0
1029,Low,F,D,1,93454,Y,49,18941,25,9470,947,6,3,6,947
1032,Medium,F,M,2,48322,Y,49,6690,43,1672,167,6,1,14,0
1033,Medium,F,M,2,81913,Y,50,6700,46,1675,167,6,2,11,0
1036,High,F,M,2,24482,N,34,0,0,0,0,0,0,0,0
1048,Medium,F,M,2,11234,Y,49,690,112,172,17,16,1,15,0
1051,Low,F,M,2,72841,N,47,10361,72,5180,518,18,2,10,518
1052,Low,M,M,1,63670,Y,46,27392,51,13696,1369,12,3,9,1369
1056,Low,F,S,2,21274,N,46,10871,32,5435,543,8,1,5,543
1063,Low,F,M,2,84948,Y,29,11141,12,5570,557,3,3,10,557
1067,Low,M,S,1,3960,N,15,29782,66,14891,1489,16,4,9,1489
1068,Low,M,M,0,60101,Y,64,27702,124,13851,1385,31,2,5,1385
1069,High,F,M,2,38215,N,31,0,0,0,0,0,0,0,0
1075,Low,F,S,0,74530,N,63,20892,106,10446,1044,26,2,7,1044
1078,Low,M,M,1,66931,N,64,11721,5,5860,586,1,2,10,586
1080,Low,F,M,1,14085,N,24,29002,26,14501,1450,6,4,7,1450
1081,Low,F,S,0,32962,N,24,45004,154,22502,2250,38,3,9,2250
1088,Low,F,M,2,64816,Y,31,21002,6,10501,1050,1,3,8,1050
1093,Medium,F,S,0,15989,N,62,3670,25,917,91,3,5,16,0
1097,High,M,S,0,62705,Y,38,9000,6,2250,225,0,5,15,0
1102,Low,M,M,2,90103,N,35,12231,45,6115,611,11,5,8,611
1106,Low,F,M,2,36647,N,50,21412,85,10706,1070,21,3,9,1070
1113,Low,F,S,2,16938,N,46,13351,8,6675,667,2,2,6,667
1115,High,F,M,1,8073,N,55,28702,60,14351,1435,15,3,5,0
1122,Low,F,S,1,49072,N,42,23502,10,11751,1175,2,1,9,1175
1126,High,F,S,0,95786,Y,52,21332,87,10666,1066,21,3,5,0
1127,Medium,M,S,0,90321,N,55,870,11,217,21,1,5,12,0
1129,Medium,F,M,2,56187,N,46,8090,13,2022,202,1,4,12,0
1135,Medium,M,S,1,57626,Y,44,9380,38,2345,234,5,5,11,0
1143,High,F,S,1,13109,N,63,22382,40,11191,1119,10,5,8,0
1145,High,M,S,2,21021,Y,63,3000,11,750,75,1,4,15,0
1146,High,M,S,0,74460,Y,55,25532,179,12766,1276,44,3,7,0
1152,High,F,S,2,19131,N,56,22152,34,11076,1107,8,5,7,0
1154,High,F,S,2,6440,Y,48,22662,27,11331,1133,6,2,8,0
1155,Medium,M,M,2,28766,N,47,6110,58,1527,152,8,4,14,0
1158,High,F,S,0,73228,N,53,22472,28,11236,1123,7,1,6,0
1159,High,M,M,1,64792,N,52,13051,36,6525,652,9,5,10,0
1161,High,M,M,2,49910,Y,52,27422,23,13711,1371,5,1,7,0
1163,Low,F,M,2,55860,Y,15,16011,10,8005,800,2,3,10,800
1169,High,F,M,0,83287,N,41,29642,90,14821,1482,22,5,7,0
1171,Medium,M,M,2,30665,Y,23,5830,63,1457,145,9,1,11,0
1173,Low,F,M,1,98680,Y,42,17581,8,8790,879,2,4,6,879
1174,High,M,M,0,65619,Y,46,13561,144,6780,678,36,1,5,0
1176,Low,F,S,0,85275,N,47,22482,151,11241,1124,37,2,5,1124
1177,Low,F,M,1,66921,Y,62,15701,8,7850,785,2,2,8,785
1178,Low,F,M,1,98453,Y,41,13721,11,6860,686,2,4,9,686
1179,High,F,S,2,57420,Y,46,25182,252,12591,1259,63,4,7,0
1180,High,M,M,0,66000,N,46,3930,26,982,98,3,1,19,0
1185,High,F,S,1,540,Y,39,12341,7,6170,617,1,1,8,0
1189,High,F,S,2,93559,N,58,1520,29,380,38,4,4,18,0
1193,High,M,S,2,60095,Y,23,1710,116,427,42,17,1,18,0
1194,Medium,F,M,1,6946,N,20,33003,8,16501,1650,2,3,8,0
1199,Low,F,S,2,21274,N,46,10871,32,5435,543,8,1,7,543
1200,High,F,M,2,28267,N,30,21872,192,10936,1093,48,2,8,0
1201,High,F,M,2,36725,N,56,8650,77,2162,216,11,2,19,0
1205,High,F,M,2,69133,Y,27,8580,37,2145,214,5,5,15,0
1207,High,F,M,2,30998,N,41,2400,50,600,60,7,2,19,0
1211,High,F,M,2,38215,N,31,0,0,0,0,0,0,0,0
1212,High,F,M,1,13829,N,21,35003,160,17501,1750,40,4,7,0
1213,High,F,M,2,49745,N,48,2840,24,710,71,3,3,20,0
1216,Medium,M,S,0,89142,N,54,3760,5,940,94,0,3,13,0
1221,High,M,M,2,9309,Y,25,8560,99,2140,214,14,2,15,0
1225,High,F,S,2,42000,N,22,45004,35,22502,2250,8,4,7,0
1226,High,F,S,0,77726,N,57,14001,9,7000,700,2,3,7,0
1228,Low,F,S,1,2800,N,46,28452,106,14226,1422,26,3,7,1422
1233,Medium,M,M,1,92148,Y,28,4000,100,1000,100,15,5,12,0
1235,High,M,S,0,62705,Y,33,7000,6,1750,175,0,2,20,0
1238,Medium,M,S,1,84978,N,22,5030,76,1257,125,11,5,15,0
1243,Low,F,M,2,16962,N,45,18601,8,9300,930,2,1,10,930
1251,High,M,S,2,63152,Y,63,29932,40,14966,1496,10,1,6,0
1252,Low,M,S,2,72084,N,56,29112,9,14556,1455,2,5,6,1455
1253,High,F,S,0,42760,N,42,13471,40,6735,673,10,5,5,0
1255,Low,F,M,0,27371,Y,46,16141,126,8070,807,31,2,6,807
1264,High,M,M,1,75004,N,65,26522,32,13261,1326,8,1,5,0
1265,Low,M,M,0,19749,N,60,20222,13,10111,1011,3,2,5,1011
1276,High,F,S,2,21021,Y,63,3750,11,937,93,1,1,16,0
1280,High,F,M,2,62061,Y,46,29862,52,14931,1493,13,5,5,0
1285,High,F,S,1,13109,N,63,22382,40,11191,1119,10,5,9,0
1299,Low,M,M,2,91272,Y,25,26992,13,13496,1349,3,3,10,1349
1301,High,M,M,1,64792,N,52,13051,36,6525,652,9,3,5,0
1303,High,M,M,2,49910,Y,52,27422,23,13711,1371,5,4,6,0
1312,Medium,M,M,1,2067,N,48,15251,70,7625,762,17,4,5,762
1313,Medium,M,M,2,30665,Y,23,5830,63,1457,145,9,2,12,0
1318,Low,F,S,0,85275,N,62,22482,151,11241,1124,37,3,7,1124
1319,Low,F,M,1,66921,Y,70,15701,8,7850,785,2,2,7,785
1320,High,F,M,1,98453,Y,61,13721,11,6860,686,2,2,10,0
1321,High,F,S,2,57420,Y,52,25182,252,12591,1259,63,4,7,0
1327,High,M,S,1,16432,Y,21,20412,80,10206,1020,20,2,6,0
1335,Low,M,M,0,5745,Y,15,26402,17,13201,1320,4,4,10,1320
1337,Medium,F,M,2,11234,Y,49,690,112,172,17,16,2,10,0
1338,High,F,M,1,82931,N,65,19241,118,9620,962,29,4,7,0
1339,Low,F,M,2,57483,N,44,17011,27,8505,850,6,4,9,850
1343,High,M,S,1,94188,N,58,20862,19,10431,1043,4,1,8,0
1348,High,F,M,2,30998,N,41,2400,50,600,60,7,4,18,0
1350,Medium,M,S,0,78554,N,17,5590,23,1397,139,3,2,12,0
1362,Low,F,M,1,32962,N,24,25772,26,12886,1288,6,1,10,1288
1365,Low,F,S,2,42000,N,20,43004,35,21502,2150,8,1,9,2150
1368,Low,F,S,1,2800,N,46,28452,106,14226,1422,26,2,6,1422
1371,Medium,F,M,2,98217,N,45,29492,13,14746,1474,3,3,8,0
1372,Medium,F,S,0,15989,N,62,3670,25,917,91,3,4,10,0
1374,Low,F,M,2,36647,N,50,21412,85,10706,1070,21,2,7,1070
1376,High,F,S,1,73338,N,48,20922,9,10461,1046,2,5,5,0
1378,High,F,M,2,16962,N,45,18601,8,9300,930,2,1,6,0
1384,High,M,M,0,95448,Y,54,24242,5,12121,1212,1,1,6,0
1385,Low,M,S,1,24141,Y,17,28822,97,14411,1441,24,5,9,1441
1386,Low,M,S,2,63152,Y,63,29932,40,14966,1496,10,5,9,1496
1390,High,F,M,0,27371,Y,62,16141,126,8070,807,31,2,9,0
1395,High,M,S,0,90478,N,55,18021,136,9010,901,34,5,6,0
1397,High,F,S,1,35000,N,24,23562,206,11781,1178,51,2,5,0
1399,Low,M,M,2,53010,N,19,12451,46,6225,622,11,1,10,622
1401,High,M,M,0,19749,N,60,20222,13,10111,1011,3,1,7,0
1405,High,M,M,1,7545,Y,17,22392,178,11196,1119,44,4,9,0
1409,High,M,S,2,43634,N,22,29442,104,14721,1472,26,4,5,0
1418,Low,M,M,1,13091,N,59,22792,20,11396,1139,5,2,8,1139
1419,Low,F,M,0,91708,N,37,17211,31,8605,860,7,5,7,860
1427,High,F,S,0,98716,N,56,20972,13,10486,1048,3,2,5,0
1430,Medium,M,M,1,63900,N,28,8360,39,2090,209,5,5,11,0
1432,High,F,M,1,56722,N,61,17371,51,8685,868,12,3,5,0
1444,High,F,M,2,55860,Y,15,16011,10,8005,800,2,3,7,0
1446,Low,M,M,1,92414,Y,46,29432,10,14716,1471,2,3,10,1471
1456,Low,F,M,1,95620,Y,46,10911,93,5455,545,23,1,7,545
1459,Low,F,M,1,98453,Y,52,13721,11,6860,686,2,4,9,686
1461,Medium,M,M,0,58986,N,27,3930,26,982,98,3,5,13,0
1463,Low,F,S,0,39461,N,22,22872,103,11436,1143,25,4,9,1143
1467,High,F,S,1,540,Y,39,12341,7,6170,617,1,1,9,0
1468,Medium,F,M,2,80087,N,42,8740,22,2185,218,3,5,12,0
1473,Low,F,S,0,93454,Y,49,18941,25,9470,947,6,2,5,947
1474,Low,M,M,0,5745,Y,15,26402,17,13201,1320,4,3,7,1320
1476,High,F,M,2,11234,Y,49,690,112,172,17,16,1,19,0
1478,High,F,M,2,57483,N,44,17011,27,8505,850,6,2,9,0
1479,Low,F,S,2,21274,N,46,10871,32,5435,543,8,1,5,543
1480,Low,F,M,2,28267,N,30,21872,192,10936,1093,48,4,5,1093
1484,Low,F,S,1,12374,Y,33,17491,106,8745,874,26,1,10,874
1485,Medium,F,M,2,69133,Y,27,8580,37,2145,214,5,2,15,0
1489,High,M,M,2,21416,N,36,9900,8,2475,247,1,2,18,0
1495,Medium,F,M,2,98003,Y,26,1030,83,257,25,12,4,15,0
1500,Medium,M,M,1,66931,N,64,11721,5,5860,586,1,3,5,0
1501,High,M,M,2,9309,Y,25,8560,99,2140,214,14,5,16,0
1502,High,F,M,1,42000,N,24,33003,26,16501,1650,6,3,8,0
1507,High,F,S,2,35000,N,19,39003,38,19501,1950,9,3,7,0
1513,Medium,M,S,1,84978,N,22,5030,76,1257,125,11,2,13,0
1527,Low,M,S,2,72084,N,56,29112,9,14556,1455,2,3,10,1455
1528,Low,F,S,0,42760,N,62,13471,40,6735,673,10,2,7,673
1531,Medium,M,M,1,71472,N,42,16021,114,8010,801,28,3,6,801
1532,High,F,M,0,95405,N,70,7740,6,1935,193,0,2,15,0
1533,High,F,S,0,95786,Y,58,21332,87,10666,1066,21,4,7,0
1535,Low,M,S,0,90478,N,55,18021,136,9010,901,34,4,10,901
1536,Medium,F,M,2,56187,N,53,8090,13,2022,202,1,3,17,0
1538,High,M,M,2,53010,N,19,12451,46,6225,622,11,1,6,0
1540,Low,M,M,0,19749,N,60,20222,13,10111,1011,3,2,8,1011
1541,Medium,M,S,1,57626,Y,44,9380,38,2345,234,5,5,13,0
1546,Low,F,S,1,37000,N,24,23562,206,11781,1178,51,4,7,1178
1547,High,M,M,0,9780,N,25,2800,11,700,70,1,4,17,0
1549,Low,M,M,1,75004,N,65,26522,32,13261,1326,8,1,5,1326
1557,Low,F,M,2,42031,N,51,20452,39,10226,1022,9,3,5,1022
1558,High,F,S,1,97689,N,59,6080,8,1520,152,1,1,16,0
1564,High,F,M,1,50735,Y,36,11621,16,5810,581,4,5,10,0
1570,Low,F,M,1,43894,N,40,29282,40,14641,1464,10,4,10,1464
1571,Low,F,S,2,28787,N,42,27972,58,13986,1398,14,4,5,1398
1575,Low,F,M,0,91708,N,37,17211,31,8605,860,7,3,7,860
1577,Low,F,M,1,20550,Y,22,27722,57,13861,1386,14,5,6,1386
1581,High,M,M,2,28766,N,47,6110,58,1527,152,8,4,20,0
1588,Low,F,M,2,55860,Y,15,16011,10,8005,800,2,4,5,800
1591,Low,F,S,2,14578,Y,61,11911,95,5955,595,23,2,9,595
1592,High,F,M,2,87578,Y,53,290,22,72,7,3,3,15,0
1595,High,M,M,1,2067,N,48,15251,70,7625,762,17,2,10,0
1600,Low,F,M,1,95620,Y,49,10911,93,5455,545,23,3,5,545
1601,High,F,D,1,85275,N,52,22482,151,11241,1124,37,3,9,0
1605,High,M,M,0,58986,N,27,3930,26,982,98,3,1,18,0
1607,Low,F,S,0,39461,N,22,22872,103,11436,1143,25,5,5,1143
1618,High,F,M,1,30000,N,20,59005,8,29502,2950,2,5,9,0
1619,Medium,F,M,2,11234,Y,49,690,112,172,17,16,1,14,0
1621,Low,F,M,2,57483,N,44,17011,27,8505,850,6,4,7,850
1623,High,F,M,2,28267,N,30,21872,192,10936,1093,48,1,6,0
1626,Low,F,M,2,91861,Y,42,15321,6,7660,766,1,3,9,766
1628,High,F,M,2,69133,Y,27,8580,37,2145,214,5,5,17,0
1633,High,M,M,2,78554,N,17,5590,23,1397,139,3,4,20,0
1634,High,F,M,2,38215,N,31,0,0,0,0,0,0,0,0
1636,Medium,F,M,2,49745,N,48,2840,24,710,71,3,4,15,0
1638,Medium,F,M,2,98003,Y,26,1030,83,257,25,12,1,14,0
1647,Medium,F,S,0,32962,N,21,45004,61,22502,2250,15,4,6,0
1648,High,F,S,2,42000,N,22,33003,35,16501,1650,8,1,8,0
1654,Low,F,M,2,98217,N,45,29492,13,14746,1474,3,4,6,1474
1659,High,F,S,1,73338,N,48,20922,9,10461,1046,2,5,9,0
1663,High,F,M,0,2031,N,20,21642,87,10821,1082,21,2,7,0
1665,Medium,F,M,0,55221,N,62,490,15,122,12,2,4,10,0
1667,Low,M,M,0,95448,Y,54,24242,5,12121,1212,1,5,5,1212
1670,Low,M,S,2,72084,N,56,29112,9,14556,1455,2,3,8,1455
1674,High,M,M,0,71472,N,42,16021,114,8010,801,28,1,9,0
1678,Low,M,S,1,90478,N,55,18021,136,9010,901,34,4,6,901
1682,High,M,M,0,75004,N,65,26522,32,13261,1326,8,2,6,0
1686,Low,F,M,2,47902,N,26,17441,49,8720,872,12,4,10,872
1687,Low,M,M,1,7545,Y,17,22392,178,11196,1119,44,1,8,1119
1689,Low,F,S,1,13576,N,39,14831,25,7415,741,6,4,10,741
1691,Low,M,S,2,43634,N,22,29442,104,14721,1472,26,1,7,1472
1694,High,F,S,2,21021,Y,63,3750,11,937,93,1,3,20,0
1695,High,M,S,0,74460,Y,55,25532,179,12766,1276,44,1,6,0
1699,Low,F,M,1,20550,Y,22,27722,57,13861,1386,14,2,9,1386
1702,Medium,F,S,2,6440,Y,52,22662,27,11331,1133,6,2,6,1133
1706,High,M,M,1,64792,N,52,13051,36,6525,652,9,3,6,0
1709,High,M,M,0,76161,Y,45,11961,25,5980,598,6,2,5,0
1711,High,M,M,2,57360,Y,53,10361,57,5180,518,14,1,5,0
1713,Low,F,S,2,14578,Y,61,11911,95,5955,595,23,1,9,595
1715,High,F,M,2,86695,N,14,25942,32,12971,1297,8,2,7,0
1718,High,M,M,1,2067,N,48,15251,70,7625,762,17,3,8,0
1719,Medium,M,M,2,30665,Y,23,5830,63,1457,145,9,1,15,0
1720,Medium,F,M,1,78000,Y,56,6080,30,1520,152,4,3,12,0
1731,Low,F,S,0,39461,N,22,22872,103,11436,1143,25,1,6,1143
1732,High,M,M,1,47371,Y,55,4980,258,1245,124,38,2,18,0
1734,Low,F,S,1,540,Y,39,12341,7,6170,617,1,3,8,617
1744,High,F,M,2,57483,N,44,17011,27,8505,850,6,4,5,0
1745,Low,F,S,2,21274,N,46,10871,32,5435,543,8,1,6,543
1748,Low,M,S,1,94188,N,58,20862,19,10431,1043,4,1,5,1043
1750,High,F,S,1,12374,Y,33,17491,106,8745,874,26,1,10,0
1751,High,F,M,2,69133,Y,27,8580,37,2145,214,5,3,17,0
1752,Low,F,M,2,84948,Y,29,11141,12,5570,557,3,1,7,557
1753,High,F,M,2,30998,N,41,2400,50,600,60,7,1,19,0
1754,High,M,S,0,15924,N,14,0,0,0,0,0,0,0,0
1756,Medium,M,M,2,78554,N,17,5590,23,1397,139,3,5,12,0
1757,High,F,M,2,38215,N,31,0,0,0,0,0,0,0,0
1761,High,M,S,0,89142,N,54,3760,5,940,94,0,5,16,0
1762,High,F,S,0,74530,N,63,20892,106,10446,1044,26,5,7,0
1766,High,F,S,0,77726,N,57,14001,9,7000,700,2,4,10,0
1779,Low,F,M,0,2031,N,20,21642,87,10821,1082,21,4,9,1082
1787,Low,F,S,0,42760,N,46,13471,40,6735,673,10,2,7,673
1788,Low,F,S,1,49072,N,70,23502,10,11751,1175,2,4,7,1175
1793,High,M,S,0,90321,N,39,870,11,217,21,1,1,17,0
1794,Medium,M,D,1,90478,N,55,18021,136,9010,901,34,5,6,0
1804,High,M,M,1,7545,Y,17,22392,178,11196,1119,44,5,9,0
1806,Low,F,S,1,13576,N,39,14831,25,7415,741,6,1,5,741
1808,High,M,S,2,43634,N,22,29442,104,14721,1472,26,5,10,0
1812,Low,M,S,0,74460,Y,55,25532,179,12766,1276,44,2,7,1276
1814,High,M,M,1,13091,N,59,22792,20,11396,1139,5,5,8,0
1815,High,F,M,2,62061,Y,46,29862,52,14931,1493,13,2,8,0
1818,High,F,S,2,19131,N,56,22152,34,11076,1107,8,1,7,0
1820,Medium,M,M,2,28766,N,47,6110,58,1527,152,8,5,15,0
1825,Medium,M,M,2,49910,Y,52,27422,23,13711,1371,5,2,8,0
1833,Medium,M,M,1,5306,N,39,5520,17,1380,138,2,5,12,0
1836,Medium,M,M,2,30665,Y,23,5830,63,1457,145,9,4,13,0
1838,High,M,M,1,98680,Y,59,17581,8,8790,879,2,1,7,0
1842,High,F,M,1,66921,Y,47,15701,8,7850,785,2,1,10,0
1847,Low,F,S,0,39461,N,22,22872,103,11436,1143,25,5,8,1143
1850,High,M,S,1,16432,Y,21,20412,80,10206,1020,20,5,6,0
1858,High,M,M,0,5745,Y,15,26402,17,13201,1320,4,2,10,0
1861,High,F,M,2,57483,N,44,17011,27,8505,850,6,2,9,0
1865,Low,M,S,1,94188,N,58,20862,19,10431,1043,4,5,7,1043
1870,High,F,M,2,30998,N,41,2400,50,600,60,7,5,15,0
1873,High,F,M,2,38215,N,31,0,0,0,0,0,0,0,0
1879,Low,F,M,2,76289,N,48,22202,82,11101,1110,20,5,9,1110
1880,Low,M,M,1,66931,N,64,11721,5,5860,586,1,2,7,586
1881,High,F,M,2,9309,Y,25,8560,99,2140,214,14,1,17,0
1883,Low,F,S,1,2800,N,46,28452,106,14226,1422,26,2,9,1422
1890,High,F,S,0,64319,N,41,3010,37,752,75,5,2,15,0
1894,Low,M,M,2,10708,N,26,20832,117,10416,1041,29,1,6,1041
1896,High,F,S,2,16938,N,41,13351,8,6675,667,2,1,10,0
1897,High,F,M,0,55221,N,46,490,15,122,12,2,4,15,0
1900,Low,M,S,1,24141,Y,17,28822,97,14411,1441,24,2,10,1441
1901,High,M,S,2,63152,Y,63,29932,40,14966,1496,10,1,9,0
1902,High,M,S,2,72084,N,56,29112,9,14556,1455,2,5,7,0
1905,Low,F,M,0,27371,Y,52,16141,126,8070,807,31,3,8,807
1907,High,M,M,0,95405,N,47,7740,6,1935,193,0,2,15,0
1914,Low,M,M,1,75004,N,65,26522,32,13261,1326,8,5,9,1326
1915,Medium,M,M,0,19749,N,60,20222,13,10111,1011,3,4,9,0
1916,Medium,M,S,1,57626,Y,44,9380,38,2345,234,5,5,15,0
1924,Low,F,S,1,13109,N,63,22382,40,11191,1119,10,5,10,1119
1927,Low,M,S,0,74460,Y,55,25532,179,12766,1276,44,4,6,1276
1930,Low,F,M,2,62061,Y,46,29862,52,14931,1493,13,2,7,1493
1934,High,F,S,2,6440,Y,41,22662,27,11331,1133,6,1,9,0
1938,Medium,M,M,1,64792,N,52,13051,36,6525,652,9,1,6,652
1942,Low,F,M,2,55860,Y,15,16011,10,8005,800,2,1,6,800
1946,High,F,M,2,87578,Y,53,290,22,72,7,3,1,15,0
1952,Low,M,M,1,98680,Y,59,17581,8,8790,879,2,2,5,879
1954,Low,M,M,1,95620,Y,49,10911,93,5455,545,23,2,10,545
1957,High,F,M,1,98453,Y,61,13721,11,6860,686,2,5,8,0
1961,Low,F,S,0,39461,N,22,22872,103,11436,1143,25,4,5,1143
1967,Low,M,M,2,59613,N,34,12371,163,6185,618,40,2,10,618
1969,Low,F,M,2,59691,N,38,21942,256,10971,1097,64,1,9,1097
1979,Low,M,M,2,45429,Y,62,24702,73,12351,1235,18,2,10,1235
1985,Low,F,M,2,57483,N,44,17011,27,8505,850,6,4,9,850
1987,Low,F,S,2,21274,N,46,10871,32,5435,543,8,2,6,543
1990,High,F,M,2,36725,N,56,8650,77,2162,216,11,4,19,0
1998,High,M,M,2,45429,Y,62,24702,73,12351,1235,18,3,10,0
2008,Medium,M,M,0,84166,N,54,3280,11,820,82,1,5,12,0
2009,Low,M,M,2,59613,N,34,12371,163,6185,618,40,1,10,618
2012,High,M,M,1,67388,N,53,4790,91,1197,119,13,1,16,0
2013,High,M,M,1,84166,N,54,3280,11,820,82,1,2,19,0
2014,High,M,S,1,78554,N,17,5590,23,1397,139,3,2,19,0
2015,High,F,M,2,38215,N,31,0,0,0,0,0,0,0,0
2021,High,F,S,0,74530,N,63,20892,106,10446,1044,26,5,8,0
2022,High,F,M,2,76289,N,48,22202,82,11101,1110,20,4,7,0
2027,Low,F,M,2,90271,N,45,13961,96,6980,698,24,2,7,698
2028,Low,F,M,2,64816,Y,31,21002,6,10501,1050,1,5,6,1050
2030,High,F,S,0,15989,N,62,3670,25,917,91,3,2,16,0
2034,Medium,F,S,1,73338,N,48,20922,9,10461,1046,2,3,10,1046
2040,Medium,F,M,0,55221,N,46,490,15,122,12,2,1,15,0
2047,High,F,S,1,49072,N,53,23502,10,11751,1175,2,1,9,0
2049,High,M,M,0,71472,N,42,16021,114,8010,801,28,1,8,0
2051,Low,M,S,0,95786,Y,58,21332,87,10666,1066,21,3,5,1066
2056,High,M,M,2,29616,N,49,29782,45,14891,1489,11,2,7,0
2061,Medium,F,S,0,78851,N,48,370,28,92,9,4,2,15,0
2063,High,F,M,0,83891,Y,61,28922,45,14461,1446,11,2,5,0
2064,High,F,M,2,28220,N,39,26492,12,13246,1324,3,4,8,0
